{"entities":{"pages":{"Section-Starting-Page":{"id":"Section-Starting-Page","title":"Section Starting Page","url":"section-starting-page.html","level":0,"tabIndex":0},"tech1":{"id":"tech1","title":"tech","url":"tech1.html","level":0,"tabIndex":1},"Clickhouse1":{"id":"Clickhouse1","title":"Clickhouse","url":"clickhouse1.html","level":0,"tabIndex":2},"awesome-life1":{"id":"awesome-life1","title":"About awesome-life","url":"awesome-life1.html","level":0,"tabIndex":3},"12d72abe_555860":{"id":"12d72abe_555860","title":"ci","level":0,"pages":["ci_2017-08-11-gitlab-ci-powershell-bugs","12d72abe_555862"],"tabIndex":4},"ci_2017-08-11-gitlab-ci-powershell-bugs":{"id":"ci_2017-08-11-gitlab-ci-powershell-bugs","title":"gitlab ci与Powershell 乱码","url":"ci-2017-08-11-gitlab-ci-powershell-bugs.html","level":1,"parentId":"12d72abe_555860","tabIndex":0},"12d72abe_555862":{"id":"12d72abe_555862","title":"csharp","level":1,"parentId":"12d72abe_555860","pages":["csharp_2020-04-13-string-class-sealed"],"tabIndex":1},"csharp_2020-04-13-string-class-sealed":{"id":"csharp_2020-04-13-string-class-sealed","title":"C#中是否可以继承String类?","url":"csharp-2020-04-13-string-class-sealed.html","level":2,"parentId":"12d72abe_555862","tabIndex":0},"12d72abe_555864":{"id":"12d72abe_555864","title":"clickhouse","level":0,"pages":["12d72abe_555865","12d72abe_555886","12d72abe_555896","12d72abe_555903","12d72abe_555923","12d72abe_555926","12d72abe_555929","12d72abe_555989","12d72abe_556016","12d72abe_556109","12d72abe_556120","12d72abe_556126"],"tabIndex":5},"12d72abe_555865":{"id":"12d72abe_555865","title":"engines","level":1,"parentId":"12d72abe_555864","pages":["engines_kb-embeddedrocksdb-and-dictionary","engines_engines_index","12d72abe_555868","12d72abe_555872"],"tabIndex":0},"engines_kb-embeddedrocksdb-and-dictionary":{"id":"engines_kb-embeddedrocksdb-and-dictionary","title":"EmbeddedRocksDB \u0026 dictionary","url":"engines-kb-embeddedrocksdb-and-dictionary.html","level":2,"parentId":"12d72abe_555865","tabIndex":0},"engines_engines_index":{"id":"engines_engines_index","title":"Engines","url":"engines-engines-index.html","level":2,"parentId":"12d72abe_555865","tabIndex":1},"12d72abe_555868":{"id":"12d72abe_555868","title":"kb-atomic-database-engine","level":2,"parentId":"12d72abe_555865","pages":["how-to-convert-ordinary-to-atomic","kb-how-to-convert-atomic-to-ordinary","kb-atomic-database-engine_index"],"tabIndex":2},"how-to-convert-ordinary-to-atomic":{"id":"how-to-convert-ordinary-to-atomic","title":"How to Convert Ordinary to Atomic","url":"how-to-convert-ordinary-to-atomic.html","level":3,"parentId":"12d72abe_555868","tabIndex":0},"kb-how-to-convert-atomic-to-ordinary":{"id":"kb-how-to-convert-atomic-to-ordinary","title":"How to Convert Atomic to Ordinary","url":"kb-how-to-convert-atomic-to-ordinary.html","level":3,"parentId":"12d72abe_555868","tabIndex":1},"kb-atomic-database-engine_index":{"id":"kb-atomic-database-engine_index","title":"Atomic Database Engine","url":"kb-atomic-database-engine-index.html","level":3,"parentId":"12d72abe_555868","tabIndex":2},"12d72abe_555872":{"id":"12d72abe_555872","title":"mergetree-table-engine-family","level":2,"parentId":"12d72abe_555865","pages":["mergetree-table-engine-family_summingmergetree","mergetree-table-engine-family_skip-index","mergetree-table-engine-family_pick-keys","mergetree-table-engine-family_part-naming-and-mvcc","mergetree-table-engine-family_mergetree-table-engine-family_index","mergetree-table-engine-family_merge-performance-final-optimize-by","mergetree-table-engine-family_kb-nulls-in-order-by","mergetree-table-engine-family_index-and-column-files","mergetree-table-engine-family_collapsing-vs-replacing","mergetree-table-engine-family_aggregatingmergetree","12d72abe_555883"],"tabIndex":3},"mergetree-table-engine-family_summingmergetree":{"id":"mergetree-table-engine-family_summingmergetree","title":"SummingMergeTree","url":"mergetree-table-engine-family-summingmergetree.html","level":3,"parentId":"12d72abe_555872","tabIndex":0},"mergetree-table-engine-family_skip-index":{"id":"mergetree-table-engine-family_skip-index","title":"Skip index","url":"mergetree-table-engine-family-skip-index.html","level":3,"parentId":"12d72abe_555872","tabIndex":1},"mergetree-table-engine-family_pick-keys":{"id":"mergetree-table-engine-family_pick-keys","title":"How to pick an ORDER BY / PRIMARY KEY / PARTITION BY for the MergeTree-family table","url":"mergetree-table-engine-family-pick-keys.html","level":3,"parentId":"12d72abe_555872","tabIndex":2},"mergetree-table-engine-family_part-naming-and-mvcc":{"id":"mergetree-table-engine-family_part-naming-and-mvcc","title":"Part names \u0026 MVCC","url":"mergetree-table-engine-family-part-naming-and-mvcc.html","level":3,"parentId":"12d72abe_555872","tabIndex":3},"mergetree-table-engine-family_mergetree-table-engine-family_index":{"id":"mergetree-table-engine-family_mergetree-table-engine-family_index","title":"MergeTree table engine family","url":"mergetree-table-engine-family-mergetree-table-engine-family-index.html","level":3,"parentId":"12d72abe_555872","tabIndex":4},"mergetree-table-engine-family_merge-performance-final-optimize-by":{"id":"mergetree-table-engine-family_merge-performance-final-optimize-by","title":"Merge performance and OPTIMIZE FINAL","url":"mergetree-table-engine-family-merge-performance-final-optimize-by.html","level":3,"parentId":"12d72abe_555872","tabIndex":5},"mergetree-table-engine-family_kb-nulls-in-order-by":{"id":"mergetree-table-engine-family_kb-nulls-in-order-by","title":"Nulls in order by","url":"mergetree-table-engine-family-kb-nulls-in-order-by.html","level":3,"parentId":"12d72abe_555872","tabIndex":6},"mergetree-table-engine-family_index-and-column-files":{"id":"mergetree-table-engine-family_index-and-column-files","title":"index \u0026 column files","url":"mergetree-table-engine-family-index-and-column-files.html","level":3,"parentId":"12d72abe_555872","tabIndex":7},"mergetree-table-engine-family_collapsing-vs-replacing":{"id":"mergetree-table-engine-family_collapsing-vs-replacing","title":"CollapsingMergeTree vs ReplacingMergeTree","url":"mergetree-table-engine-family-collapsing-vs-replacing.html","level":3,"parentId":"12d72abe_555872","tabIndex":8},"mergetree-table-engine-family_aggregatingmergetree":{"id":"mergetree-table-engine-family_aggregatingmergetree","title":"AggregatingMergeTree","url":"mergetree-table-engine-family-aggregatingmergetree.html","level":3,"parentId":"12d72abe_555872","tabIndex":9},"12d72abe_555883":{"id":"12d72abe_555883","title":"replacingmergetree","level":3,"parentId":"12d72abe_555872","pages":["replacingmergetree_replacingmergetree_index","replacingmergetree_kb-replacingmergetree-does-not-collapse-duplicates"],"tabIndex":10},"replacingmergetree_replacingmergetree_index":{"id":"replacingmergetree_replacingmergetree_index","title":"ReplacingMergeTree","url":"replacingmergetree-replacingmergetree-index.html","level":4,"parentId":"12d72abe_555883","tabIndex":0},"replacingmergetree_kb-replacingmergetree-does-not-collapse-duplicates":{"id":"replacingmergetree_kb-replacingmergetree-does-not-collapse-duplicates","title":"ReplacingMergeTree does not collapse duplicates","url":"replacingmergetree-kb-replacingmergetree-does-not-collapse-duplicates.html","level":4,"parentId":"12d72abe_555883","tabIndex":1},"12d72abe_555886":{"id":"12d72abe_555886","title":"kb-dictionaries","level":1,"parentId":"12d72abe_555864","pages":["kb-dictionaries_security-named-collections","kb-dictionaries_partial-updates","kb-dictionaries_mysql8-source-for-dictionaries","kb-dictionaries_kb-sparse_hashed-vs-hashed","kb-dictionaries_kb-range_hashed-example-open-intervals","kb-dictionaries_kb-dictionaries-index","kb-dictionaries_example-of-postgresql-dictionary","kb-dictionaries_dictionary-on-top-tables","kb-dictionaries_dictionaries-and-arrays"],"tabIndex":1},"kb-dictionaries_security-named-collections":{"id":"kb-dictionaries_security-named-collections","title":"Security named collections","url":"kb-dictionaries-security-named-collections.html","level":2,"parentId":"12d72abe_555886","tabIndex":0},"kb-dictionaries_partial-updates":{"id":"kb-dictionaries_partial-updates","title":"Partial updates","url":"kb-dictionaries-partial-updates.html","level":2,"parentId":"12d72abe_555886","tabIndex":1},"kb-dictionaries_mysql8-source-for-dictionaries":{"id":"kb-dictionaries_mysql8-source-for-dictionaries","title":"MySQL8 source for dictionaries","url":"kb-dictionaries-mysql8-source-for-dictionaries.html","level":2,"parentId":"12d72abe_555886","tabIndex":2},"kb-dictionaries_kb-sparse_hashed-vs-hashed":{"id":"kb-dictionaries_kb-sparse_hashed-vs-hashed","title":"SPARSE_HASHED VS HASHED vs HASHED_ARRAY","url":"kb-dictionaries-kb-sparse-hashed-vs-hashed.html","level":2,"parentId":"12d72abe_555886","tabIndex":3},"kb-dictionaries_kb-range_hashed-example-open-intervals":{"id":"kb-dictionaries_kb-range_hashed-example-open-intervals","title":"range_hashed example - open intervals","url":"kb-dictionaries-kb-range-hashed-example-open-intervals.html","level":2,"parentId":"12d72abe_555886","tabIndex":4},"kb-dictionaries_kb-dictionaries-index":{"id":"kb-dictionaries_kb-dictionaries-index","title":"Dictionaries","url":"kb-dictionaries-kb-dictionaries-index.html","level":2,"parentId":"12d72abe_555886","tabIndex":5},"kb-dictionaries_example-of-postgresql-dictionary":{"id":"kb-dictionaries_example-of-postgresql-dictionary","title":"Example of PostgreSQL dictionary","url":"kb-dictionaries-example-of-postgresql-dictionary.html","level":2,"parentId":"12d72abe_555886","tabIndex":6},"kb-dictionaries_dictionary-on-top-tables":{"id":"kb-dictionaries_dictionary-on-top-tables","title":"Dictionary on the top of several tables using VIEW","url":"kb-dictionaries-dictionary-on-top-tables.html","level":2,"parentId":"12d72abe_555886","tabIndex":7},"kb-dictionaries_dictionaries-and-arrays":{"id":"kb-dictionaries_dictionaries-and-arrays","title":"Dictionaries \u0026 arrays","url":"kb-dictionaries-dictionaries-and-arrays.html","level":2,"parentId":"12d72abe_555886","tabIndex":8},"12d72abe_555896":{"id":"12d72abe_555896","title":"kb-functions","level":1,"parentId":"12d72abe_555864","pages":["kb-functions_resample-vs-if-vs-map-vs-subquery","kb-functions_kb-sequencematch","kb-functions_index","kb-functions_encrypt","kb-functions_assumenotnull-and-friends","kb-functions_array-like-memory-usage"],"tabIndex":2},"kb-functions_resample-vs-if-vs-map-vs-subquery":{"id":"kb-functions_resample-vs-if-vs-map-vs-subquery","title":"-Resample vs -If vs -Map vs Subquery","url":"kb-functions-resample-vs-if-vs-map-vs-subquery.html","level":2,"parentId":"12d72abe_555896","tabIndex":0},"kb-functions_kb-sequencematch":{"id":"kb-functions_kb-sequencematch","title":"sequenceMatch","url":"kb-functions-kb-sequencematch.html","level":2,"parentId":"12d72abe_555896","tabIndex":1},"kb-functions_index":{"id":"kb-functions_index","title":"Functions","url":"kb-functions-index.html","level":2,"parentId":"12d72abe_555896","tabIndex":2},"kb-functions_encrypt":{"id":"kb-functions_encrypt","title":"Encrypt","url":"kb-functions-encrypt.html","level":2,"parentId":"12d72abe_555896","tabIndex":3},"kb-functions_assumenotnull-and-friends":{"id":"kb-functions_assumenotnull-and-friends","title":"assumeNotNull and friends","url":"kb-functions-assumenotnull-and-friends.html","level":2,"parentId":"12d72abe_555896","tabIndex":4},"kb-functions_array-like-memory-usage":{"id":"kb-functions_array-like-memory-usage","title":"arrayMap, arrayJoin or ARRAY JOIN memory usage","url":"kb-functions-array-like-memory-usage.html","level":2,"parentId":"12d72abe_555896","tabIndex":5},"12d72abe_555903":{"id":"12d72abe_555903","title":"kb-integrations","level":1,"parentId":"12d72abe_555864","pages":["kb-integrations_Spark","kb-integrations_mysql-clickhouse","kb-integrations_index","kb-integrations_kb-google-s3-gcs","kb-integrations_clickhouse-odbc","kb-integrations_catboost-mindsdb-fast.ai","kb-integrations_bi-tools","12d72abe_555911","12d72abe_555914"],"tabIndex":3},"kb-integrations_Spark":{"id":"kb-integrations_Spark","title":"ClickHouse + Spark","url":"kb-integrations-spark.html","level":2,"parentId":"12d72abe_555903","tabIndex":0},"kb-integrations_mysql-clickhouse":{"id":"kb-integrations_mysql-clickhouse","title":"MySQL","url":"kb-integrations-mysql-clickhouse.html","level":2,"parentId":"12d72abe_555903","tabIndex":1},"kb-integrations_index":{"id":"kb-integrations_index","title":"Integrations","url":"kb-integrations-index.html","level":2,"parentId":"12d72abe_555903","tabIndex":2},"kb-integrations_kb-google-s3-gcs":{"id":"kb-integrations_kb-google-s3-gcs","title":"Google S3 (GCS)","url":"kb-integrations-kb-google-s3-gcs.html","level":2,"parentId":"12d72abe_555903","tabIndex":3},"kb-integrations_clickhouse-odbc":{"id":"kb-integrations_clickhouse-odbc","title":"ODBC Driver for ClickHouse","url":"kb-integrations-clickhouse-odbc.html","level":2,"parentId":"12d72abe_555903","tabIndex":4},"kb-integrations_catboost-mindsdb-fast.ai":{"id":"kb-integrations_catboost-mindsdb-fast.ai","title":"CatBoost / MindsDB /  Fast.ai","url":"kb-integrations-catboost-mindsdb-fast-ai.html","level":2,"parentId":"12d72abe_555903","tabIndex":5},"kb-integrations_bi-tools":{"id":"kb-integrations_bi-tools","title":"BI Tools","url":"kb-integrations-bi-tools.html","level":2,"parentId":"12d72abe_555903","tabIndex":6},"12d72abe_555911":{"id":"12d72abe_555911","title":"cloud","level":2,"parentId":"12d72abe_555903","pages":["cloud_index","cloud-access-management"],"tabIndex":7},"cloud_index":{"id":"cloud_index","title":"Cloud Services","url":"cloud-index.html","level":3,"parentId":"12d72abe_555911","tabIndex":0},"cloud-access-management":{"id":"cloud-access-management","title":"Robin Cloud Access Management","url":"cloud-access-management.html","level":3,"parentId":"12d72abe_555911","tabIndex":1},"12d72abe_555914":{"id":"12d72abe_555914","title":"kb-kafka","level":2,"parentId":"12d72abe_555903","pages":["kb-selects-from-engine-kafka","kb-rewind-fast-forward-replay","kb-kafka_index","kb-kafka-parallel-consuming","kb-kafka-main-parsing-loop","kb-exactly-once-semantics","kb-adjusting-librdkafka-settings","error-handling"],"tabIndex":8},"kb-selects-from-engine-kafka":{"id":"kb-selects-from-engine-kafka","title":"SELECTs from engine\u003dKafka","url":"kb-selects-from-engine-kafka.html","level":3,"parentId":"12d72abe_555914","tabIndex":0},"kb-rewind-fast-forward-replay":{"id":"kb-rewind-fast-forward-replay","title":"Rewind / fast-forward / replay","url":"kb-rewind-fast-forward-replay.html","level":3,"parentId":"12d72abe_555914","tabIndex":1},"kb-kafka_index":{"id":"kb-kafka_index","title":"Kafka","url":"kb-kafka-index.html","level":3,"parentId":"12d72abe_555914","tabIndex":2},"kb-kafka-parallel-consuming":{"id":"kb-kafka-parallel-consuming","title":"Kafka parallel consuming","url":"kb-kafka-parallel-consuming.html","level":3,"parentId":"12d72abe_555914","tabIndex":3},"kb-kafka-main-parsing-loop":{"id":"kb-kafka-main-parsing-loop","title":"Kafka main parsing loop","url":"kb-kafka-main-parsing-loop.html","level":3,"parentId":"12d72abe_555914","tabIndex":4},"kb-exactly-once-semantics":{"id":"kb-exactly-once-semantics","title":"Exactly once semantics","url":"kb-exactly-once-semantics.html","level":3,"parentId":"12d72abe_555914","tabIndex":5},"kb-adjusting-librdkafka-settings":{"id":"kb-adjusting-librdkafka-settings","title":"Adjusting librdkafka settings","url":"kb-adjusting-librdkafka-settings.html","level":3,"parentId":"12d72abe_555914","tabIndex":6},"error-handling":{"id":"error-handling","title":"Error handling","url":"error-handling.html","level":3,"parentId":"12d72abe_555914","tabIndex":7},"12d72abe_555923":{"id":"12d72abe_555923","title":"kb-interfaces","level":1,"parentId":"12d72abe_555864","pages":["kb-interfaces_index","kb-clickhouse-client"],"tabIndex":4},"kb-interfaces_index":{"id":"kb-interfaces_index","title":"Interfaces","url":"kb-interfaces-index.html","level":2,"parentId":"12d72abe_555923","tabIndex":0},"kb-clickhouse-client":{"id":"kb-clickhouse-client","title":"clickhouse-client","url":"kb-clickhouse-client.html","level":2,"parentId":"12d72abe_555923","tabIndex":1},"12d72abe_555926":{"id":"12d72abe_555926","title":"kb-kubernetes","level":1,"parentId":"12d72abe_555864","pages":["kb-possible-issues-with-running-clickhouse-in-k8s","kb-kubernetes_index"],"tabIndex":5},"kb-possible-issues-with-running-clickhouse-in-k8s":{"id":"kb-possible-issues-with-running-clickhouse-in-k8s","title":"Possible issues with running ClickHouse in k8s","url":"kb-possible-issues-with-running-clickhouse-in-k8s.html","level":2,"parentId":"12d72abe_555926","tabIndex":0},"kb-kubernetes_index":{"id":"kb-kubernetes_index","title":"Kubernetes","url":"kb-kubernetes-index.html","level":2,"parentId":"12d72abe_555926","tabIndex":1},"12d72abe_555929":{"id":"12d72abe_555929","title":"kb-queries-and-syntax","level":1,"parentId":"12d72abe_555864","pages":["window-functions","values-mapping","update-via-dictionary","ts-interpolation","troubleshooting","trace_log","top-n-and-remain","time-zones","state-and-merge-combinators","slow_select_count","simplestateif-or-ifstate-for-simple-aggregate-functions","sampling-example","roaring-bitmaps-for-calculating-retention","projections-examples","pivot-unpivot","partial-projection-optimization","mutations","multiple-date-column-in-partition-key","machine-learning-in-clickhouse","literal-decimal-or-float","lag-lead","kb-sample-by","kb-queries-and-syntax_index","kb-possible-deadlock-avoided-client-should-retry","kb-parameterized-views","kb-optimize-vs-optimize-final","kb-kill-query","kb-final-clause-speed","kb-alter-modify-column-is-stuck-the-column-is-inaccessible","jsonextract-to-parse-many-attributes-at-a-time","join-with-calendar-using-arrays","fill-missing-values-at-query-time","explain-query","distinct-vs-group-by-vs-limit-by","delete-via-tombstone-column","datetime64","data-types-on-disk-and-in-ram","cumulative-unique","atomic-insert","async-inserts","array-functions-as-window","ansi-sql-mode","12d72abe_555972","12d72abe_555975","12d72abe_555978","12d72abe_555983"],"tabIndex":6},"window-functions":{"id":"window-functions","title":"Window functions","url":"window-functions.html","level":2,"parentId":"12d72abe_555929","tabIndex":0},"values-mapping":{"id":"values-mapping","title":"Values mapping","url":"values-mapping.html","level":2,"parentId":"12d72abe_555929","tabIndex":1},"update-via-dictionary":{"id":"update-via-dictionary","title":"UPDATE via Dictionary","url":"update-via-dictionary.html","level":2,"parentId":"12d72abe_555929","tabIndex":2},"ts-interpolation":{"id":"ts-interpolation","title":"Time-series alignment with interpolation","url":"ts-interpolation.html","level":2,"parentId":"12d72abe_555929","tabIndex":3},"troubleshooting":{"id":"troubleshooting","title":"Troubleshooting","url":"troubleshooting.html","level":2,"parentId":"12d72abe_555929","tabIndex":4},"trace_log":{"id":"trace_log","title":"Collecting query execution flamegraphs using system.trace_log","url":"trace-log.html","level":2,"parentId":"12d72abe_555929","tabIndex":5},"top-n-and-remain":{"id":"top-n-and-remain","title":"Top N \u0026 Remain","url":"top-n-and-remain.html","level":2,"parentId":"12d72abe_555929","tabIndex":6},"time-zones":{"id":"time-zones","title":"Time zones","url":"time-zones.html","level":2,"parentId":"12d72abe_555929","tabIndex":7},"state-and-merge-combinators":{"id":"state-and-merge-combinators","title":"-State \u0026 -Merge combinators","url":"state-and-merge-combinators.html","level":2,"parentId":"12d72abe_555929","tabIndex":8},"slow_select_count":{"id":"slow_select_count","title":"Why is simple `SELECT count()` Slow in ClickHouse?","url":"slow-select-count.html","level":2,"parentId":"12d72abe_555929","tabIndex":9},"simplestateif-or-ifstate-for-simple-aggregate-functions":{"id":"simplestateif-or-ifstate-for-simple-aggregate-functions","title":"Simple aggregate functions \u0026 combinators","url":"simplestateif-or-ifstate-for-simple-aggregate-functions.html","level":2,"parentId":"12d72abe_555929","tabIndex":10},"sampling-example":{"id":"sampling-example","title":"Sampling Example","url":"sampling-example.html","level":2,"parentId":"12d72abe_555929","tabIndex":11},"roaring-bitmaps-for-calculating-retention":{"id":"roaring-bitmaps-for-calculating-retention","title":"Roaring bitmaps for calculating retention","url":"roaring-bitmaps-for-calculating-retention.html","level":2,"parentId":"12d72abe_555929","tabIndex":12},"projections-examples":{"id":"projections-examples","title":"Projections examples","url":"projections-examples.html","level":2,"parentId":"12d72abe_555929","tabIndex":13},"pivot-unpivot":{"id":"pivot-unpivot","title":"PIVOT / UNPIVOT","url":"pivot-unpivot.html","level":2,"parentId":"12d72abe_555929","tabIndex":14},"partial-projection-optimization":{"id":"partial-projection-optimization","title":"Use both projection and raw data in single query","url":"partial-projection-optimization.html","level":2,"parentId":"12d72abe_555929","tabIndex":15},"mutations":{"id":"mutations","title":"Mutations","url":"mutations.html","level":2,"parentId":"12d72abe_555929","tabIndex":16},"multiple-date-column-in-partition-key":{"id":"multiple-date-column-in-partition-key","title":"Multiple aligned date columns in PARTITION BY expression","url":"multiple-date-column-in-partition-key.html","level":2,"parentId":"12d72abe_555929","tabIndex":17},"machine-learning-in-clickhouse":{"id":"machine-learning-in-clickhouse","title":"Machine learning in ClickHouse","url":"machine-learning-in-clickhouse.html","level":2,"parentId":"12d72abe_555929","tabIndex":18},"literal-decimal-or-float":{"id":"literal-decimal-or-float","title":"Imprecise parsing of literal Decimal or Float64","url":"literal-decimal-or-float.html","level":2,"parentId":"12d72abe_555929","tabIndex":19},"lag-lead":{"id":"lag-lead","title":"Lag / Lead","url":"lag-lead.html","level":2,"parentId":"12d72abe_555929","tabIndex":20},"kb-sample-by":{"id":"kb-sample-by","title":"SAMPLE by","url":"kb-sample-by.html","level":2,"parentId":"12d72abe_555929","tabIndex":21},"kb-queries-and-syntax_index":{"id":"kb-queries-and-syntax_index","title":"Queries \u0026 Syntax","url":"kb-queries-and-syntax-index.html","level":2,"parentId":"12d72abe_555929","tabIndex":22},"kb-possible-deadlock-avoided-client-should-retry":{"id":"kb-possible-deadlock-avoided-client-should-retry","title":"Possible deadlock avoided. Client should retry","url":"kb-possible-deadlock-avoided-client-should-retry.html","level":2,"parentId":"12d72abe_555929","tabIndex":23},"kb-parameterized-views":{"id":"kb-parameterized-views","title":"Parameterized views","url":"kb-parameterized-views.html","level":2,"parentId":"12d72abe_555929","tabIndex":24},"kb-optimize-vs-optimize-final":{"id":"kb-optimize-vs-optimize-final","title":"OPTIMIZE vs OPTIMIZE FINAL","url":"kb-optimize-vs-optimize-final.html","level":2,"parentId":"12d72abe_555929","tabIndex":25},"kb-kill-query":{"id":"kb-kill-query","title":"KILL QUERY","url":"kb-kill-query.html","level":2,"parentId":"12d72abe_555929","tabIndex":26},"kb-final-clause-speed":{"id":"kb-final-clause-speed","title":"FINAL clause speed","url":"kb-final-clause-speed.html","level":2,"parentId":"12d72abe_555929","tabIndex":27},"kb-alter-modify-column-is-stuck-the-column-is-inaccessible":{"id":"kb-alter-modify-column-is-stuck-the-column-is-inaccessible","title":"ALTER MODIFY COLUMN is stuck, the column is inaccessible.","url":"kb-alter-modify-column-is-stuck-the-column-is-inaccessible.html","level":2,"parentId":"12d72abe_555929","tabIndex":28},"jsonextract-to-parse-many-attributes-at-a-time":{"id":"jsonextract-to-parse-many-attributes-at-a-time","title":"JSONExtract to parse many attributes at a time","url":"jsonextract-to-parse-many-attributes-at-a-time.html","level":2,"parentId":"12d72abe_555929","tabIndex":29},"join-with-calendar-using-arrays":{"id":"join-with-calendar-using-arrays","title":"Join with Calendar using Arrays","url":"join-with-calendar-using-arrays.html","level":2,"parentId":"12d72abe_555929","tabIndex":30},"fill-missing-values-at-query-time":{"id":"fill-missing-values-at-query-time","title":"Fill missing values at query time","url":"fill-missing-values-at-query-time.html","level":2,"parentId":"12d72abe_555929","tabIndex":31},"explain-query":{"id":"explain-query","title":"EXPLAIN query","url":"explain-query.html","level":2,"parentId":"12d72abe_555929","tabIndex":32},"distinct-vs-group-by-vs-limit-by":{"id":"distinct-vs-group-by-vs-limit-by","title":"DISTINCT \u0026 GROUP BY \u0026 LIMIT 1 BY what the difference","url":"distinct-vs-group-by-vs-limit-by.html","level":2,"parentId":"12d72abe_555929","tabIndex":33},"delete-via-tombstone-column":{"id":"delete-via-tombstone-column","title":"DELETE via tombstone column","url":"delete-via-tombstone-column.html","level":2,"parentId":"12d72abe_555929","tabIndex":34},"datetime64":{"id":"datetime64","title":"DateTime64","url":"datetime64.html","level":2,"parentId":"12d72abe_555929","tabIndex":35},"data-types-on-disk-and-in-ram":{"id":"data-types-on-disk-and-in-ram","title":"Data types on disk and in RAM","url":"data-types-on-disk-and-in-ram.html","level":2,"parentId":"12d72abe_555929","tabIndex":36},"cumulative-unique":{"id":"cumulative-unique","title":"Cumulative Anything","url":"cumulative-unique.html","level":2,"parentId":"12d72abe_555929","tabIndex":37},"atomic-insert":{"id":"atomic-insert","title":"Atomic insert","url":"atomic-insert.html","level":2,"parentId":"12d72abe_555929","tabIndex":38},"async-inserts":{"id":"async-inserts","title":"Async INSERTs","url":"async-inserts.html","level":2,"parentId":"12d72abe_555929","tabIndex":39},"array-functions-as-window":{"id":"array-functions-as-window","title":"Using array functions to mimic window-functions alike behavior","url":"array-functions-as-window.html","level":2,"parentId":"12d72abe_555929","tabIndex":40},"ansi-sql-mode":{"id":"ansi-sql-mode","title":"ANSI SQL mode","url":"ansi-sql-mode.html","level":2,"parentId":"12d72abe_555929","tabIndex":41},"12d72abe_555972":{"id":"12d72abe_555972","title":"group-by","level":2,"parentId":"12d72abe_555929","pages":["tricks","group-by_index"],"tabIndex":42},"tricks":{"id":"tricks","title":"GROUP BY tricks","url":"tricks.html","level":3,"parentId":"12d72abe_555972","tabIndex":0},"group-by_index":{"id":"group-by_index","title":"GROUP BY","url":"group-by-index.html","level":3,"parentId":"12d72abe_555972","tabIndex":1},"12d72abe_555975":{"id":"12d72abe_555975","title":"joins","level":2,"parentId":"12d72abe_555929","pages":["joins_index","join-table-engine"],"tabIndex":43},"joins_index":{"id":"joins_index","title":"JOINs","url":"joins-index.html","level":3,"parentId":"12d72abe_555975","tabIndex":0},"join-table-engine":{"id":"join-table-engine","title":"JOIN table engine","url":"join-table-engine.html","level":3,"parentId":"12d72abe_555975","tabIndex":1},"12d72abe_555978":{"id":"12d72abe_555978","title":"skip-indexes","level":2,"parentId":"12d72abe_555929","pages":["skip-indexes_index","skip-indexes-examples","skip-index-bloom_filter-for-array-column","minmax"],"tabIndex":44},"skip-indexes_index":{"id":"skip-indexes_index","title":"Skip indexes","url":"skip-indexes-index.html","level":3,"parentId":"12d72abe_555978","tabIndex":0},"skip-indexes-examples":{"id":"skip-indexes-examples","title":"Skip indexes examples","url":"skip-indexes-examples.html","level":3,"parentId":"12d72abe_555978","tabIndex":1},"skip-index-bloom_filter-for-array-column":{"id":"skip-index-bloom_filter-for-array-column","title":"Skip index bloom_filter Example","url":"skip-index-bloom-filter-for-array-column.html","level":3,"parentId":"12d72abe_555978","tabIndex":2},"minmax":{"id":"minmax","title":"Example: minmax","url":"minmax.html","level":3,"parentId":"12d72abe_555978","tabIndex":3},"12d72abe_555983":{"id":"12d72abe_555983","title":"ttl","level":2,"parentId":"12d72abe_555929","pages":["what-are-my-ttls","ttl_index","ttl-recompress-example","ttl-group-by-examples","ttl_modify-ttl"],"tabIndex":45},"what-are-my-ttls":{"id":"what-are-my-ttls","title":"What are my TTL settings?","url":"what-are-my-ttls.html","level":3,"parentId":"12d72abe_555983","tabIndex":0},"ttl_index":{"id":"ttl_index","title":"TTL","url":"ttl-index.html","level":3,"parentId":"12d72abe_555983","tabIndex":1},"ttl-recompress-example":{"id":"ttl-recompress-example","title":"TTL Recompress example","url":"ttl-recompress-example.html","level":3,"parentId":"12d72abe_555983","tabIndex":2},"ttl-group-by-examples":{"id":"ttl-group-by-examples","title":"TTL GROUP BY Examples","url":"ttl-group-by-examples.html","level":3,"parentId":"12d72abe_555983","tabIndex":3},"ttl_modify-ttl":{"id":"ttl_modify-ttl","title":"MODIFY (ADD) TTL","url":"ttl-modify-ttl.html","level":3,"parentId":"12d72abe_555983","tabIndex":4},"12d72abe_555989":{"id":"12d72abe_555989","title":"kb-schema-design","level":1,"parentId":"12d72abe_555864","pages":["uniq-functions","row-level-deduplication","preaggregations","lowcardinality","kb-schema-design-index","kb-jsonasstring-and-mat.-view-as-json-parser","kb-dictionaries-vs-lowcardinality","insert_deduplication","ingestion-performance-and-formats","ingestion-aggregate-function","how-to-store-ips","how-much-is-too-much","floats-vs-decimals","flattened-table","change-order-by","best-schema-for-storing-many-metrics-registered-from-the-single-source","backfill_column","12d72abe_556007","12d72abe_556012"],"tabIndex":7},"uniq-functions":{"id":"uniq-functions","title":"Functions to count uniqs","url":"uniq-functions.html","level":2,"parentId":"12d72abe_555989","tabIndex":0},"row-level-deduplication":{"id":"row-level-deduplication","title":"ClickHouse row-level deduplication","url":"row-level-deduplication.html","level":2,"parentId":"12d72abe_555989","tabIndex":1},"preaggregations":{"id":"preaggregations","title":"Pre-Aggregation approaches","url":"preaggregations.html","level":2,"parentId":"12d72abe_555989","tabIndex":2},"lowcardinality":{"id":"lowcardinality","title":"LowCardinality","url":"lowcardinality.html","level":2,"parentId":"12d72abe_555989","tabIndex":3},"kb-schema-design-index":{"id":"kb-schema-design-index","title":"Schema design","url":"kb-schema-design-index.html","level":2,"parentId":"12d72abe_555989","tabIndex":4},"kb-jsonasstring-and-mat.-view-as-json-parser":{"id":"kb-jsonasstring-and-mat.-view-as-json-parser","title":"JSONAsString and Mat. View as JSON parser","url":"kb-jsonasstring-and-mat-view-as-json-parser.html","level":2,"parentId":"12d72abe_555989","tabIndex":5},"kb-dictionaries-vs-lowcardinality":{"id":"kb-dictionaries-vs-lowcardinality","title":"Dictionaries vs LowCardinality","url":"kb-dictionaries-vs-lowcardinality.html","level":2,"parentId":"12d72abe_555989","tabIndex":6},"insert_deduplication":{"id":"insert_deduplication","title":"Insert Deduplication / Insert idempotency","url":"insert-deduplication.html","level":2,"parentId":"12d72abe_555989","tabIndex":7},"ingestion-performance-and-formats":{"id":"ingestion-performance-and-formats","title":"Ingestion performance and formats","url":"ingestion-performance-and-formats.html","level":2,"parentId":"12d72abe_555989","tabIndex":8},"ingestion-aggregate-function":{"id":"ingestion-aggregate-function","title":"Ingestion of AggregateFunction","url":"ingestion-aggregate-function.html","level":2,"parentId":"12d72abe_555989","tabIndex":9},"how-to-store-ips":{"id":"how-to-store-ips","title":"IPs/masks","url":"how-to-store-ips.html","level":2,"parentId":"12d72abe_555989","tabIndex":10},"how-much-is-too-much":{"id":"how-much-is-too-much","title":"How much is too much?","url":"how-much-is-too-much.html","level":2,"parentId":"12d72abe_555989","tabIndex":11},"floats-vs-decimals":{"id":"floats-vs-decimals","title":"Floats vs Decimals","url":"floats-vs-decimals.html","level":2,"parentId":"12d72abe_555989","tabIndex":12},"flattened-table":{"id":"flattened-table","title":"Flattened table","url":"flattened-table.html","level":2,"parentId":"12d72abe_555989","tabIndex":13},"change-order-by":{"id":"change-order-by","title":"How to change ORDER BY","url":"change-order-by.html","level":2,"parentId":"12d72abe_555989","tabIndex":14},"best-schema-for-storing-many-metrics-registered-from-the-single-source":{"id":"best-schema-for-storing-many-metrics-registered-from-the-single-source","title":"Best schema for storing many metrics registered from the single source","url":"best-schema-for-storing-many-metrics-registered-from-the-single-source.html","level":2,"parentId":"12d72abe_555989","tabIndex":15},"backfill_column":{"id":"backfill_column","title":"Column backfilling with alter/update using a dictionary","url":"backfill-column.html","level":2,"parentId":"12d72abe_555989","tabIndex":16},"12d72abe_556007":{"id":"12d72abe_556007","title":"codecs","level":2,"parentId":"12d72abe_555989","pages":["kb-how-to-test-different-compression-codecs","codecs_index","codecs-speed","codecs-on-array-columns"],"tabIndex":17},"kb-how-to-test-different-compression-codecs":{"id":"kb-how-to-test-different-compression-codecs","title":"How to test different compression codecs","url":"kb-how-to-test-different-compression-codecs.html","level":3,"parentId":"12d72abe_556007","tabIndex":0},"codecs_index":{"id":"codecs_index","title":"Codecs","url":"codecs-index.html","level":3,"parentId":"12d72abe_556007","tabIndex":1},"codecs-speed":{"id":"codecs-speed","title":"Codecs speed","url":"codecs-speed.html","level":3,"parentId":"12d72abe_556007","tabIndex":2},"codecs-on-array-columns":{"id":"codecs-on-array-columns","title":"Codecs on array columns","url":"codecs-on-array-columns.html","level":3,"parentId":"12d72abe_556007","tabIndex":3},"12d72abe_556012":{"id":"12d72abe_556012","title":"materialized-views","level":2,"parentId":"12d72abe_555989","pages":["materialized-views_index","idempotent_inserts_mv","backfill-populate-mv-in-a-controlled-manner"],"tabIndex":18},"materialized-views_index":{"id":"materialized-views_index","title":"MATERIALIZED VIEWS","url":"materialized-views-index.html","level":3,"parentId":"12d72abe_556012","tabIndex":0},"idempotent_inserts_mv":{"id":"idempotent_inserts_mv","title":"Idempotent inserts into a materialized view","url":"idempotent-inserts-mv.html","level":3,"parentId":"12d72abe_556012","tabIndex":1},"backfill-populate-mv-in-a-controlled-manner":{"id":"backfill-populate-mv-in-a-controlled-manner","title":"Backfill/populate MV in a controlled manner","url":"backfill-populate-mv-in-a-controlled-manner.html","level":3,"parentId":"12d72abe_556012","tabIndex":2},"12d72abe_556016":{"id":"12d72abe_556016","title":"kb-setup-and-maintenance","level":1,"parentId":"12d72abe_555864","pages":["introduction-to-clickhouse-backups-and-clickhouse-backup","aws-ec2-storage","rbac","uniq-uuid-doubled-clickhouse-upgrade","connection-problems","kb-monitoring","filesystems","kb-clickhouse-in-docker","clickhouse-operator","clickhouse-versions","disk_encryption","monitoring-operator-exporter-compatibility","kb-converting-mergetree-to-replicated","custom_settings","asynchronous_metrics_descr","high-cpu-usage","alters","uniqExact-to-uniq-combined","load-balancers","logging","kb-object-consistency-in-a-cluster","precreate_parts_using_clickhouse_local.sh","kb-replication-queue","change-me","packaging-compatibility-greater-than-21.x-and-earlier","ssl-connection-unexpectedly-closed","kb-server-config-files","kb-settings-to-adjust","kb-setup-and-maintenance-index","kb-shutting-down-a-node","clickhouse-deployment-plan","suspiciously-many-broken-parts","kb-system-tables-eat-my-disk","kb-threads","timeouts-during-optimize-final","ch-logs-2-json-vectordev","useful-setting-to-turn-on","who-ate-my-cpu","kb-who-ate-my-memory","zookeeper-session-expired","cgroups_k8s","clickhouse-backup","clickhouse-backup-diff","http_handlers","kb-memory-configuration-settings","recovery-after-complete-data-loss","source-pars-size-is-greater-than-maximum","sysall","kb-moving-table-to-another-device","12d72abe_556066","12d72abe_556074","12d72abe_556086","12d72abe_556089","12d72abe_556093","12d72abe_556106"],"tabIndex":8},"introduction-to-clickhouse-backups-and-clickhouse-backup":{"id":"introduction-to-clickhouse-backups-and-clickhouse-backup","title":"introduction to clickhouse backups and clickhouse backup","url":"introduction-to-clickhouse-backups-and-clickhouse-backup.html","level":2,"parentId":"12d72abe_556016","tabIndex":0},"aws-ec2-storage":{"id":"aws-ec2-storage","title":"AWS EC2 Storage","url":"aws-ec2-storage.html","level":2,"parentId":"12d72abe_556016","tabIndex":1},"rbac":{"id":"rbac","title":"Access Control and Account Management (RBAC)","url":"rbac.html","level":2,"parentId":"12d72abe_556016","tabIndex":2},"uniq-uuid-doubled-clickhouse-upgrade":{"id":"uniq-uuid-doubled-clickhouse-upgrade","title":"AggregateFunction(uniq, UUID) doubled after ClickHouse upgrade","url":"uniq-uuid-doubled-clickhouse-upgrade.html","level":2,"parentId":"12d72abe_556016","tabIndex":3},"connection-problems":{"id":"connection-problems","title":"Can not connect to my ClickHouse server","url":"connection-problems.html","level":2,"parentId":"12d72abe_556016","tabIndex":4},"kb-monitoring":{"id":"kb-monitoring","title":"ClickHouse Monitoring","url":"kb-monitoring.html","level":2,"parentId":"12d72abe_556016","tabIndex":5},"filesystems":{"id":"filesystems","title":"ClickHouse and different filesystems","url":"filesystems.html","level":2,"parentId":"12d72abe_556016","tabIndex":6},"kb-clickhouse-in-docker":{"id":"kb-clickhouse-in-docker","title":"ClickHouse in Docker","url":"kb-clickhouse-in-docker.html","level":2,"parentId":"12d72abe_556016","tabIndex":7},"clickhouse-operator":{"id":"clickhouse-operator","title":"ClickHouse operator","url":"clickhouse-operator.html","level":2,"parentId":"12d72abe_556016","tabIndex":8},"clickhouse-versions":{"id":"clickhouse-versions","title":"ClickHouse versions","url":"clickhouse-versions.html","level":2,"parentId":"12d72abe_556016","tabIndex":9},"disk_encryption":{"id":"disk_encryption","title":"Clickhouse data/disk encryption (at rest)","url":"disk-encryption.html","level":2,"parentId":"12d72abe_556016","tabIndex":10},"monitoring-operator-exporter-compatibility":{"id":"monitoring-operator-exporter-compatibility","title":"Compatibility layer for clickhouse-operator metric exporter","url":"monitoring-operator-exporter-compatibility.html","level":2,"parentId":"12d72abe_556016","tabIndex":11},"kb-converting-mergetree-to-replicated":{"id":"kb-converting-mergetree-to-replicated","title":"Converting MergeTree to Replicated","url":"kb-converting-mergetree-to-replicated.html","level":2,"parentId":"12d72abe_556016","tabIndex":12},"custom_settings":{"id":"custom_settings","title":"Custom Settings","url":"custom-settings.html","level":2,"parentId":"12d72abe_556016","tabIndex":13},"asynchronous_metrics_descr":{"id":"asynchronous_metrics_descr","title":"Description of asynchronous_metrics","url":"asynchronous-metrics-descr.html","level":2,"parentId":"12d72abe_556016","tabIndex":14},"high-cpu-usage":{"id":"high-cpu-usage","title":"High CPU usage","url":"high-cpu-usage.html","level":2,"parentId":"12d72abe_556016","tabIndex":15},"alters":{"id":"alters","title":"How ALTER\u0027s works in ClickHouse","url":"alters.html","level":2,"parentId":"12d72abe_556016","tabIndex":16},"uniqExact-to-uniq-combined":{"id":"uniqExact-to-uniq-combined","title":"How to convert uniqExact states to approximate uniq functions states","url":"uniqexact-to-uniq-combined.html","level":2,"parentId":"12d72abe_556016","tabIndex":17},"load-balancers":{"id":"load-balancers","title":"Load balancers","url":"load-balancers.html","level":2,"parentId":"12d72abe_556016","tabIndex":18},"logging":{"id":"logging","title":"Logging","url":"logging.html","level":2,"parentId":"12d72abe_556016","tabIndex":19},"kb-object-consistency-in-a-cluster":{"id":"kb-object-consistency-in-a-cluster","title":"Object consistency in a cluster","url":"kb-object-consistency-in-a-cluster.html","level":2,"parentId":"12d72abe_556016","tabIndex":20},"precreate_parts_using_clickhouse_local.sh":{"id":"precreate_parts_using_clickhouse_local.sh","title":"Precreate parts using clickhouse-local","url":"precreate-parts-using-clickhouse-local-sh.html","level":2,"parentId":"12d72abe_556016","tabIndex":21},"kb-replication-queue":{"id":"kb-replication-queue","title":"Replication queue","url":"kb-replication-queue.html","level":2,"parentId":"12d72abe_556016","tabIndex":22},"change-me":{"id":"change-me","title":"Replication: Can not resolve host of another clickhouse server","url":"change-me.html","level":2,"parentId":"12d72abe_556016","tabIndex":23},"packaging-compatibility-greater-than-21.x-and-earlier":{"id":"packaging-compatibility-greater-than-21.x-and-earlier","title":"Robin packaging compatibility \u003e21.x and earlier","url":"packaging-compatibility-greater-than-21-x-and-earlier.html","level":2,"parentId":"12d72abe_556016","tabIndex":24},"ssl-connection-unexpectedly-closed":{"id":"ssl-connection-unexpectedly-closed","title":"SSL connection unexpectedly closed","url":"ssl-connection-unexpectedly-closed.html","level":2,"parentId":"12d72abe_556016","tabIndex":25},"kb-server-config-files":{"id":"kb-server-config-files","title":"Server config files","url":"kb-server-config-files.html","level":2,"parentId":"12d72abe_556016","tabIndex":26},"kb-settings-to-adjust":{"id":"kb-settings-to-adjust","title":"Settings to adjust","url":"kb-settings-to-adjust.html","level":2,"parentId":"12d72abe_556016","tabIndex":27},"kb-setup-and-maintenance-index":{"id":"kb-setup-and-maintenance-index","title":"Setup \u0026 maintenance","url":"kb-setup-and-maintenance-index.html","level":2,"parentId":"12d72abe_556016","tabIndex":28},"kb-shutting-down-a-node":{"id":"kb-shutting-down-a-node","title":"Shutting down a node","url":"kb-shutting-down-a-node.html","level":2,"parentId":"12d72abe_556016","tabIndex":29},"clickhouse-deployment-plan":{"id":"clickhouse-deployment-plan","title":"Successful ClickHouse deployment plan","url":"clickhouse-deployment-plan.html","level":2,"parentId":"12d72abe_556016","tabIndex":30},"suspiciously-many-broken-parts":{"id":"suspiciously-many-broken-parts","title":"Suspiciously many broken parts","url":"suspiciously-many-broken-parts.html","level":2,"parentId":"12d72abe_556016","tabIndex":31},"kb-system-tables-eat-my-disk":{"id":"kb-system-tables-eat-my-disk","title":"System tables ate my disk","url":"kb-system-tables-eat-my-disk.html","level":2,"parentId":"12d72abe_556016","tabIndex":32},"kb-threads":{"id":"kb-threads","title":"Threads","url":"kb-threads.html","level":2,"parentId":"12d72abe_556016","tabIndex":33},"timeouts-during-optimize-final":{"id":"timeouts-during-optimize-final","title":"Timeouts during OPTIMIZE FINAL","url":"timeouts-during-optimize-final.html","level":2,"parentId":"12d72abe_556016","tabIndex":34},"ch-logs-2-json-vectordev":{"id":"ch-logs-2-json-vectordev","title":"Transformation Clickhouse logs to ndjson using Vector.dev","url":"ch-logs-2-json-vectordev.html","level":2,"parentId":"12d72abe_556016","tabIndex":35},"useful-setting-to-turn-on":{"id":"useful-setting-to-turn-on","title":"Useful settings to turn on/Defaults that should be reconsidered","url":"useful-setting-to-turn-on.html","level":2,"parentId":"12d72abe_556016","tabIndex":36},"who-ate-my-cpu":{"id":"who-ate-my-cpu","title":"Who ate my CPU","url":"who-ate-my-cpu.html","level":2,"parentId":"12d72abe_556016","tabIndex":37},"kb-who-ate-my-memory":{"id":"kb-who-ate-my-memory","title":"Who ate my memory","url":"kb-who-ate-my-memory.html","level":2,"parentId":"12d72abe_556016","tabIndex":38},"zookeeper-session-expired":{"id":"zookeeper-session-expired","title":"ZooKeeper session has expired","url":"zookeeper-session-expired.html","level":2,"parentId":"12d72abe_556016","tabIndex":39},"cgroups_k8s":{"id":"cgroups_k8s","title":"cgroups and kubernetes cloud providers","url":"cgroups-k8s.html","level":2,"parentId":"12d72abe_556016","tabIndex":40},"clickhouse-backup":{"id":"clickhouse-backup","title":"clickhouse-backup","url":"clickhouse-backup.html","level":2,"parentId":"12d72abe_556016","tabIndex":41},"clickhouse-backup-diff":{"id":"clickhouse-backup-diff","title":"differential backups using clickhouse-backup","url":"clickhouse-backup-diff.html","level":2,"parentId":"12d72abe_556016","tabIndex":42},"http_handlers":{"id":"http_handlers","title":"http handler example","url":"http-handlers.html","level":2,"parentId":"12d72abe_556016","tabIndex":43},"kb-memory-configuration-settings":{"id":"kb-memory-configuration-settings","title":"memory configuration settings","url":"kb-memory-configuration-settings.html","level":2,"parentId":"12d72abe_556016","tabIndex":44},"recovery-after-complete-data-loss":{"id":"recovery-after-complete-data-loss","title":"recovery-after-complete-data-loss","url":"recovery-after-complete-data-loss.html","level":2,"parentId":"12d72abe_556016","tabIndex":45},"source-pars-size-is-greater-than-maximum":{"id":"source-pars-size-is-greater-than-maximum","title":"source parts size is greater than the current maximum","url":"source-pars-size-is-greater-than-maximum.html","level":2,"parentId":"12d72abe_556016","tabIndex":46},"sysall":{"id":"sysall","title":"sysall database (system tables on a cluster level)","url":"sysall.html","level":2,"parentId":"12d72abe_556016","tabIndex":47},"kb-moving-table-to-another-device":{"id":"kb-moving-table-to-another-device","title":"Moving a table to another device.","url":"kb-moving-table-to-another-device.html","level":2,"parentId":"12d72abe_556016","tabIndex":48},"12d72abe_556066":{"id":"12d72abe_556066","title":"cluster-production-configuration-guide","level":2,"parentId":"12d72abe_556016","pages":["version-upgrades","network-configuration","hardware-requirements","hardening-clickhouse-security","cluster-production-configuration-guide_index","cluster-configuration-process","cluster-configuration-faq"],"tabIndex":49},"version-upgrades":{"id":"version-upgrades","title":"Version Upgrades","url":"version-upgrades.html","level":3,"parentId":"12d72abe_556066","tabIndex":0},"network-configuration":{"id":"network-configuration","title":"Network Configuration","url":"network-configuration.html","level":3,"parentId":"12d72abe_556066","tabIndex":1},"hardware-requirements":{"id":"hardware-requirements","title":"Hardware Requirements","url":"hardware-requirements.html","level":3,"parentId":"12d72abe_556066","tabIndex":2},"hardening-clickhouse-security":{"id":"hardening-clickhouse-security","title":"Backups","url":"hardening-clickhouse-security.html","level":3,"parentId":"12d72abe_556066","tabIndex":3},"cluster-production-configuration-guide_index":{"id":"cluster-production-configuration-guide_index","title":"Production Cluster Configuration Guide","url":"cluster-production-configuration-guide-index.html","level":3,"parentId":"12d72abe_556066","tabIndex":4},"cluster-configuration-process":{"id":"cluster-configuration-process","title":"Cluster Configuration Process","url":"cluster-configuration-process.html","level":3,"parentId":"12d72abe_556066","tabIndex":5},"cluster-configuration-faq":{"id":"cluster-configuration-faq","title":"Cluster Configuration FAQ","url":"cluster-configuration-faq.html","level":3,"parentId":"12d72abe_556066","tabIndex":6},"12d72abe_556074":{"id":"12d72abe_556074","title":"kb-data-migration","level":2,"parentId":"12d72abe_556016","pages":["rsync","remote-table-function","mssql-clickhouse","kb-data-migration_index","fetch_alter_table","distributed-table-cluster","12d72abe_556081"],"tabIndex":50},"rsync":{"id":"rsync","title":"rsync","url":"rsync.html","level":3,"parentId":"12d72abe_556074","tabIndex":0},"remote-table-function":{"id":"remote-table-function","title":"Remote table function","url":"remote-table-function.html","level":3,"parentId":"12d72abe_556074","tabIndex":1},"mssql-clickhouse":{"id":"mssql-clickhouse","title":"MSSQL bcp pipe to clickhouse-client","url":"mssql-clickhouse.html","level":3,"parentId":"12d72abe_556074","tabIndex":2},"kb-data-migration_index":{"id":"kb-data-migration_index","title":"Data Migration","url":"kb-data-migration-index.html","level":3,"parentId":"12d72abe_556074","tabIndex":3},"fetch_alter_table":{"id":"fetch_alter_table","title":"Fetch Alter Table","url":"fetch-alter-table.html","level":3,"parentId":"12d72abe_556074","tabIndex":4},"distributed-table-cluster":{"id":"distributed-table-cluster","title":"Distributed table to Cluster","url":"distributed-table-cluster.html","level":3,"parentId":"12d72abe_556074","tabIndex":5},"12d72abe_556081":{"id":"12d72abe_556081","title":"kb-clickhouse-copier","level":3,"parentId":"12d72abe_556074","pages":["kb-clickhouse-copier_index","kubernetes-job","20.4_21.6","20.3-and-earlier"],"tabIndex":6},"kb-clickhouse-copier_index":{"id":"kb-clickhouse-copier_index","title":"clickhouse-copier","url":"kb-clickhouse-copier-index.html","level":4,"parentId":"12d72abe_556081","tabIndex":0},"kubernetes-job":{"id":"kubernetes-job","title":"Kubernetes job for clickhouse-copier","url":"kubernetes-job.html","level":4,"parentId":"12d72abe_556081","tabIndex":1},"20.4_21.6":{"id":"20.4_21.6","title":"clickhouse-copier 20.4 - 21.6","url":"20-4-21-6.html","level":4,"parentId":"12d72abe_556081","tabIndex":2},"20.3-and-earlier":{"id":"20.3-and-earlier","title":"clickhouse-copier 20.3 and earlier","url":"20-3-and-earlier.html","level":4,"parentId":"12d72abe_556081","tabIndex":3},"12d72abe_556086":{"id":"12d72abe_556086","title":"kb-ddlworker","level":2,"parentId":"12d72abe_556016","pages":["there-are-n-unfinished-hosts-0-of-them-are-currently-active","kb-ddlworker_index"],"tabIndex":51},"there-are-n-unfinished-hosts-0-of-them-are-currently-active":{"id":"there-are-n-unfinished-hosts-0-of-them-are-currently-active","title":"There are N unfinished hosts (0 of them are currently active).","url":"there-are-n-unfinished-hosts-0-of-them-are-currently-active.html","level":3,"parentId":"12d72abe_556086","tabIndex":0},"kb-ddlworker_index":{"id":"kb-ddlworker_index","title":"DDLWorker","url":"kb-ddlworker-index.html","level":3,"parentId":"12d72abe_556086","tabIndex":1},"12d72abe_556089":{"id":"12d72abe_556089","title":"kb-s3-object-storage","level":2,"parentId":"12d72abe_556016","pages":["s3disk","kb-s3-object-storage_index","aws-s3-recipes"],"tabIndex":52},"s3disk":{"id":"s3disk","title":"S3Disk","url":"s3disk.html","level":3,"parentId":"12d72abe_556089","tabIndex":0},"kb-s3-object-storage_index":{"id":"kb-s3-object-storage_index","title":"S3 \u0026 object storage","url":"kb-s3-object-storage-index.html","level":3,"parentId":"12d72abe_556089","tabIndex":1},"aws-s3-recipes":{"id":"aws-s3-recipes","title":"AWS S3 Recipes","url":"aws-s3-recipes.html","level":3,"parentId":"12d72abe_556089","tabIndex":2},"12d72abe_556093":{"id":"12d72abe_556093","title":"kb-zookeeper","level":2,"parentId":"12d72abe_556016","pages":["zookeeper-schema","zookeeper-monitoring","kb-zookeeper_index","kb-zookeeper-cluster-migration","kb-zookeeper-backup","kb-recovering-from-complete-metadata-loss-in-zookeeper","kb-proper-setup","kb-how-to-check-the-list-of-watches","jvm-sizes-and-garbage-collector-settings","install_ubuntu","clickhouse-keeper","clickhouse-keeper-service"],"tabIndex":53},"zookeeper-schema":{"id":"zookeeper-schema","title":"ZooKeeper schema","url":"zookeeper-schema.html","level":3,"parentId":"12d72abe_556093","tabIndex":0},"zookeeper-monitoring":{"id":"zookeeper-monitoring","title":"ZooKeeper Monitoring","url":"zookeeper-monitoring.html","level":3,"parentId":"12d72abe_556093","tabIndex":1},"kb-zookeeper_index":{"id":"kb-zookeeper_index","title":"ZooKeeper","url":"kb-zookeeper-index.html","level":3,"parentId":"12d72abe_556093","tabIndex":2},"kb-zookeeper-cluster-migration":{"id":"kb-zookeeper-cluster-migration","title":"ZooKeeper cluster migration","url":"kb-zookeeper-cluster-migration.html","level":3,"parentId":"12d72abe_556093","tabIndex":3},"kb-zookeeper-backup":{"id":"kb-zookeeper-backup","title":"ZooKeeper backup","url":"kb-zookeeper-backup.html","level":3,"parentId":"12d72abe_556093","tabIndex":4},"kb-recovering-from-complete-metadata-loss-in-zookeeper":{"id":"kb-recovering-from-complete-metadata-loss-in-zookeeper","title":"Recovering from complete metadata loss in ZooKeeper","url":"kb-recovering-from-complete-metadata-loss-in-zookeeper.html","level":3,"parentId":"12d72abe_556093","tabIndex":5},"kb-proper-setup":{"id":"kb-proper-setup","title":"Proper setup","url":"kb-proper-setup.html","level":3,"parentId":"12d72abe_556093","tabIndex":6},"kb-how-to-check-the-list-of-watches":{"id":"kb-how-to-check-the-list-of-watches","title":"How to check the list of watches","url":"kb-how-to-check-the-list-of-watches.html","level":3,"parentId":"12d72abe_556093","tabIndex":7},"jvm-sizes-and-garbage-collector-settings":{"id":"jvm-sizes-and-garbage-collector-settings","title":"JVM sizes and garbage collector settings","url":"jvm-sizes-and-garbage-collector-settings.html","level":3,"parentId":"12d72abe_556093","tabIndex":8},"install_ubuntu":{"id":"install_ubuntu","title":"Install standalone Zookeeper for ClickHouse on Ubuntu / Debian","url":"install-ubuntu.html","level":3,"parentId":"12d72abe_556093","tabIndex":9},"clickhouse-keeper":{"id":"clickhouse-keeper","title":"clickhouse-keeper","url":"clickhouse-keeper.html","level":3,"parentId":"12d72abe_556093","tabIndex":10},"clickhouse-keeper-service":{"id":"clickhouse-keeper-service","title":"clickhouse-keeper-service","url":"clickhouse-keeper-service.html","level":3,"parentId":"12d72abe_556093","tabIndex":11},"12d72abe_556106":{"id":"12d72abe_556106","title":"schema-migration-tools","level":2,"parentId":"12d72abe_556016","pages":["schema-migration-tools_index","golang-migrate"],"tabIndex":54},"schema-migration-tools_index":{"id":"schema-migration-tools_index","title":"Schema migration tools for ClickHouse","url":"schema-migration-tools-index.html","level":3,"parentId":"12d72abe_556106","tabIndex":0},"golang-migrate":{"id":"golang-migrate","title":"golang-migrate","url":"golang-migrate.html","level":3,"parentId":"12d72abe_556106","tabIndex":1},"12d72abe_556109":{"id":"12d72abe_556109","title":"kb-useful-queries","level":1,"parentId":"12d72abe_555864","pages":["kb-useful-queries_table-meta-in-zookeeper","kb-useful-queries_query_log","kb-useful-queries_parts-consistency","kb-useful-queries_kb-useful-queries-index","kb-useful-queries_kb-number-of-active-parts-in-a-partition","kb-useful-queries_kb-datasets","kb-useful-queries_kb-database-size-table-column-size","kb-useful-queries_ingestion-rate-part_log","kb-useful-queries_detached-parts","kb-useful-queries_debug-hang"],"tabIndex":9},"kb-useful-queries_table-meta-in-zookeeper":{"id":"kb-useful-queries_table-meta-in-zookeeper","title":"Check table metadata in zookeeper","url":"kb-useful-queries-table-meta-in-zookeeper.html","level":2,"parentId":"12d72abe_556109","tabIndex":0},"kb-useful-queries_query_log":{"id":"kb-useful-queries_query_log","title":"Handy queries for a system.query_log","url":"kb-useful-queries-query-log.html","level":2,"parentId":"12d72abe_556109","tabIndex":1},"kb-useful-queries_parts-consistency":{"id":"kb-useful-queries_parts-consistency","title":"Parts consistency","url":"kb-useful-queries-parts-consistency.html","level":2,"parentId":"12d72abe_556109","tabIndex":2},"kb-useful-queries_kb-useful-queries-index":{"id":"kb-useful-queries_kb-useful-queries-index","title":"Useful queries","url":"kb-useful-queries-kb-useful-queries-index.html","level":2,"parentId":"12d72abe_556109","tabIndex":3},"kb-useful-queries_kb-number-of-active-parts-in-a-partition":{"id":"kb-useful-queries_kb-number-of-active-parts-in-a-partition","title":"Number of active parts in a partition","url":"kb-useful-queries-kb-number-of-active-parts-in-a-partition.html","level":2,"parentId":"12d72abe_556109","tabIndex":4},"kb-useful-queries_kb-datasets":{"id":"kb-useful-queries_kb-datasets","title":"Datasets","url":"kb-useful-queries-kb-datasets.html","level":2,"parentId":"12d72abe_556109","tabIndex":5},"kb-useful-queries_kb-database-size-table-column-size":{"id":"kb-useful-queries_kb-database-size-table-column-size","title":"Database Size - Table - Column size","url":"kb-useful-queries-kb-database-size-table-column-size.html","level":2,"parentId":"12d72abe_556109","tabIndex":6},"kb-useful-queries_ingestion-rate-part_log":{"id":"kb-useful-queries_ingestion-rate-part_log","title":"Ingestion metrics from system.part_log","url":"kb-useful-queries-ingestion-rate-part-log.html","level":2,"parentId":"12d72abe_556109","tabIndex":7},"kb-useful-queries_detached-parts":{"id":"kb-useful-queries_detached-parts","title":"Can detached parts be dropped?","url":"kb-useful-queries-detached-parts.html","level":2,"parentId":"12d72abe_556109","tabIndex":8},"kb-useful-queries_debug-hang":{"id":"kb-useful-queries_debug-hang","title":"Debug hanging thing","url":"kb-useful-queries-debug-hang.html","level":2,"parentId":"12d72abe_556109","tabIndex":9},"12d72abe_556120":{"id":"12d72abe_556120","title":"upgrade","level":1,"parentId":"12d72abe_555864","pages":["upgrade_vulnerabilities","upgrade_upgrade_index","upgrade_removing-lost-parts","upgrade_removing-empty-parts","upgrade_clickhouse-feature-report"],"tabIndex":10},"upgrade_vulnerabilities":{"id":"upgrade_vulnerabilities","title":"Vulnerabilities","url":"upgrade-vulnerabilities.html","level":2,"parentId":"12d72abe_556120","tabIndex":0},"upgrade_upgrade_index":{"id":"upgrade_upgrade_index","title":"Upgrade","url":"upgrade-upgrade-index.html","level":2,"parentId":"12d72abe_556120","tabIndex":1},"upgrade_removing-lost-parts":{"id":"upgrade_removing-lost-parts","title":"Removing lost parts","url":"upgrade-removing-lost-parts.html","level":2,"parentId":"12d72abe_556120","tabIndex":2},"upgrade_removing-empty-parts":{"id":"upgrade_removing-empty-parts","title":"Removing empty parts","url":"upgrade-removing-empty-parts.html","level":2,"parentId":"12d72abe_556120","tabIndex":3},"upgrade_clickhouse-feature-report":{"id":"upgrade_clickhouse-feature-report","title":"Clickhouse Function/Engines/Settings Report","url":"upgrade-clickhouse-feature-report.html","level":2,"parentId":"12d72abe_556120","tabIndex":4},"12d72abe_556126":{"id":"12d72abe_556126","title":"using-this-knowledgebase","level":1,"parentId":"12d72abe_555864","pages":["using-this-knowledgebase_using-this-knowledgebase_index","using-this-knowledgebase_mermaid_example"],"tabIndex":11},"using-this-knowledgebase_using-this-knowledgebase_index":{"id":"using-this-knowledgebase_using-this-knowledgebase_index","title":"Using This Knowledge Base","url":"using-this-knowledgebase-using-this-knowledgebase-index.html","level":2,"parentId":"12d72abe_556126","tabIndex":0},"using-this-knowledgebase_mermaid_example":{"id":"using-this-knowledgebase_mermaid_example","title":"Mermaid Example","url":"using-this-knowledgebase-mermaid-example.html","level":2,"parentId":"12d72abe_556126","tabIndex":1},"12d72abe_556129":{"id":"12d72abe_556129","title":"logging-system","level":0,"pages":["logging-system_2018-12-20-how-to-logging-in-production-enviroment","logging-system_2017-06-12-about-gelf","logging-system_2017-05-10-about-liblog"],"tabIndex":6},"logging-system_2018-12-20-how-to-logging-in-production-enviroment":{"id":"logging-system_2018-12-20-how-to-logging-in-production-enviroment","title":"生成环境的若干日志实践","url":"logging-system-2018-12-20-how-to-logging-in-production-enviroment.html","level":1,"parentId":"12d72abe_556129","tabIndex":0},"logging-system_2017-06-12-about-gelf":{"id":"logging-system_2017-06-12-about-gelf","title":"GELF日志格式漫谈","url":"logging-system-2017-06-12-about-gelf.html","level":1,"parentId":"12d72abe_556129","tabIndex":1},"logging-system_2017-05-10-about-liblog":{"id":"logging-system_2017-05-10-about-liblog","title":"抽象日志组件","url":"logging-system-2017-05-10-about-liblog.html","level":1,"parentId":"12d72abe_556129","tabIndex":2},"12d72abe_556133":{"id":"12d72abe_556133","title":"metrics","level":0,"pages":["metrics_2017-12-04-metrics-tracing-logging"],"tabIndex":7},"metrics_2017-12-04-metrics-tracing-logging":{"id":"metrics_2017-12-04-metrics-tracing-logging","title":"关于Metrics，Tracing和Logging","url":"metrics-2017-12-04-metrics-tracing-logging.html","level":1,"parentId":"12d72abe_556133","tabIndex":0},"12d72abe_556135":{"id":"12d72abe_556135","title":"post","level":0,"pages":["12d72abe_556136","12d72abe_556142","12d72abe_556145","12d72abe_556150","12d72abe_556153","12d72abe_556155"],"tabIndex":8},"12d72abe_556136":{"id":"12d72abe_556136","title":"mysql","level":1,"parentId":"12d72abe_556135","pages":["mysql_2019-11-15-mysql-lock","mysql_2018-04-11-mysql-index-optimization","mysql_2017-01-11-mysql-explain-or-desc","mysql_2016-01-15-mysql-index","mysql_2016-01-13-about-index"],"tabIndex":0},"mysql_2019-11-15-mysql-lock":{"id":"mysql_2019-11-15-mysql-lock","title":"MySQL中select * for update锁表的范围","url":"mysql-2019-11-15-mysql-lock.html","level":2,"parentId":"12d72abe_556136","tabIndex":0},"mysql_2018-04-11-mysql-index-optimization":{"id":"mysql_2018-04-11-mysql-index-optimization","title":"索引优化原则","url":"mysql-2018-04-11-mysql-index-optimization.html","level":2,"parentId":"12d72abe_556136","tabIndex":1},"mysql_2017-01-11-mysql-explain-or-desc":{"id":"mysql_2017-01-11-mysql-explain-or-desc","title":"MySQL 执行计划","url":"mysql-2017-01-11-mysql-explain-or-desc.html","level":2,"parentId":"12d72abe_556136","tabIndex":2},"mysql_2016-01-15-mysql-index":{"id":"mysql_2016-01-15-mysql-index","title":"MySQL索引原理","url":"mysql-2016-01-15-mysql-index.html","level":2,"parentId":"12d72abe_556136","tabIndex":3},"mysql_2016-01-13-about-index":{"id":"mysql_2016-01-13-about-index","title":"索引原理","url":"mysql-2016-01-13-about-index.html","level":2,"parentId":"12d72abe_556136","tabIndex":4},"12d72abe_556142":{"id":"12d72abe_556142","title":"netcore","level":1,"parentId":"12d72abe_556135","pages":["netcore_2019-12-22-aspnetcore-middleware-and-pipeline","netcore_2019-12-21-netcore-start-process"],"tabIndex":1},"netcore_2019-12-22-aspnetcore-middleware-and-pipeline":{"id":"netcore_2019-12-22-aspnetcore-middleware-and-pipeline","title":"ASP.NET CORE 管道模型和中间件","url":"netcore-2019-12-22-aspnetcore-middleware-and-pipeline.html","level":2,"parentId":"12d72abe_556142","tabIndex":0},"netcore_2019-12-21-netcore-start-process":{"id":"netcore_2019-12-21-netcore-start-process","title":"AspNetCore启动流程概述","url":"netcore-2019-12-21-netcore-start-process.html","level":2,"parentId":"12d72abe_556142","tabIndex":1},"12d72abe_556145":{"id":"12d72abe_556145","title":"reading-notes","level":1,"parentId":"12d72abe_556135","pages":["reading-notes_2020-03-10-How-to-Read-a-Book","reading-notes_2018-08-16-How-to-Read-a-Book","reading-notes_2017-02-21-How-to-Read-a-Book","reading-notes_2016-03-15-How-to-Read-a-Book"],"tabIndex":2},"reading-notes_2020-03-10-How-to-Read-a-Book":{"id":"reading-notes_2020-03-10-How-to-Read-a-Book","title":"《如何阅读一本书》读书笔记:关于Paper的阅读-2020年版","url":"reading-notes-2020-03-10-how-to-read-a-book.html","level":2,"parentId":"12d72abe_556145","tabIndex":0},"reading-notes_2018-08-16-How-to-Read-a-Book":{"id":"reading-notes_2018-08-16-How-to-Read-a-Book","title":"《如何阅读一本书》读书笔记:关于计算机应用类书籍的阅读-2018年版","url":"reading-notes-2018-08-16-how-to-read-a-book.html","level":2,"parentId":"12d72abe_556145","tabIndex":1},"reading-notes_2017-02-21-How-to-Read-a-Book":{"id":"reading-notes_2017-02-21-How-to-Read-a-Book","title":"《如何阅读一本书》读书笔记：关于碎片化阅读与主题阅读 -2017年版","url":"reading-notes-2017-02-21-how-to-read-a-book.html","level":2,"parentId":"12d72abe_556145","tabIndex":2},"reading-notes_2016-03-15-How-to-Read-a-Book":{"id":"reading-notes_2016-03-15-How-to-Read-a-Book","title":"《如何阅读一本书》读书笔记-2016年版","url":"reading-notes-2016-03-15-how-to-read-a-book.html","level":2,"parentId":"12d72abe_556145","tabIndex":3},"12d72abe_556150":{"id":"12d72abe_556150","title":"redis","level":1,"parentId":"12d72abe_556135","pages":["redis_2019-08-06-redis-distributed-lock","redis_2019-06-05-why-redis"],"tabIndex":3},"redis_2019-08-06-redis-distributed-lock":{"id":"redis_2019-08-06-redis-distributed-lock","title":"关于redis分布式锁入门","url":"redis-2019-08-06-redis-distributed-lock.html","level":2,"parentId":"12d72abe_556150","tabIndex":0},"redis_2019-06-05-why-redis":{"id":"redis_2019-06-05-why-redis","title":"redis十问","url":"redis-2019-06-05-why-redis.html","level":2,"parentId":"12d72abe_556150","tabIndex":1},"12d72abe_556153":{"id":"12d72abe_556153","title":"tools","level":1,"parentId":"12d72abe_556135","pages":["tools_2017-06-10-use-mailkit-with-mimekit-to-send-email"],"tabIndex":4},"tools_2017-06-10-use-mailkit-with-mimekit-to-send-email":{"id":"tools_2017-06-10-use-mailkit-with-mimekit-to-send-email","title":"使用mailkit 和mimekit来发送邮件","url":"tools-2017-06-10-use-mailkit-with-mimekit-to-send-email.html","level":2,"parentId":"12d72abe_556153","tabIndex":0},"12d72abe_556155":{"id":"12d72abe_556155","title":"wyam","level":1,"parentId":"12d72abe_556135","pages":["wyam_2020-03-10-wyam-static-content-generator-and-toolkit","wyam_2020-01-10-about-static-content-generator"],"tabIndex":5},"wyam_2020-03-10-wyam-static-content-generator-and-toolkit":{"id":"wyam_2020-03-10-wyam-static-content-generator-and-toolkit","title":"wyam:基于dotnet的静态内容生成器","url":"wyam-2020-03-10-wyam-static-content-generator-and-toolkit.html","level":2,"parentId":"12d72abe_556155","tabIndex":0},"wyam_2020-01-10-about-static-content-generator":{"id":"wyam_2020-01-10-about-static-content-generator","title":"关于静态内容生成器和托管环境","url":"wyam-2020-01-10-about-static-content-generator.html","level":2,"parentId":"12d72abe_556155","tabIndex":1}}},"topLevelIds":["Section-Starting-Page","tech1","Clickhouse1","awesome-life1","12d72abe_555860","12d72abe_555864","12d72abe_556129","12d72abe_556133","12d72abe_556135"]}