{"entities":{"pages":{"metrics-logging-tracing":{"id":"metrics-logging-tracing","title":"metrics-logging-tracing","url":"metrics-logging-tracing.html","level":0,"pages":["2017-05-10-about-liblog","2017-06-12-about-gelf","2018-12-20-how-to-logging-in-production-enviroment","2017-12-04-metrics-tracing-logging"],"tabIndex":0},"2017-05-10-about-liblog":{"id":"2017-05-10-about-liblog","title":"抽象日志组件","url":"2017-05-10-about-liblog.html","level":1,"parentId":"metrics-logging-tracing","tabIndex":0},"2017-06-12-about-gelf":{"id":"2017-06-12-about-gelf","title":"GELF日志格式漫谈","url":"2017-06-12-about-gelf.html","level":1,"parentId":"metrics-logging-tracing","tabIndex":1},"2018-12-20-how-to-logging-in-production-enviroment":{"id":"2018-12-20-how-to-logging-in-production-enviroment","title":"生成环境的若干日志实践","url":"2018-12-20-how-to-logging-in-production-enviroment.html","level":1,"parentId":"metrics-logging-tracing","tabIndex":2},"2017-12-04-metrics-tracing-logging":{"id":"2017-12-04-metrics-tracing-logging","title":"关于Metrics，Tracing和Logging","url":"2017-12-04-metrics-tracing-logging.html","level":1,"parentId":"metrics-logging-tracing","tabIndex":3},"284cb8f8_12374":{"id":"284cb8f8_12374","title":"reading-notes","level":0,"pages":["2020-03-10-How-to-Read-a-Book","2018-08-16-How-to-Read-a-Book","2017-02-21-How-to-Read-a-Book","2016-03-15-How-to-Read-a-Book"],"tabIndex":1},"2020-03-10-How-to-Read-a-Book":{"id":"2020-03-10-How-to-Read-a-Book","title":"《如何阅读一本书》读书笔记:关于Paper的阅读-2020年版","url":"2020-03-10-how-to-read-a-book.html","level":1,"parentId":"284cb8f8_12374","tabIndex":0},"2018-08-16-How-to-Read-a-Book":{"id":"2018-08-16-How-to-Read-a-Book","title":"《如何阅读一本书》读书笔记:关于计算机应用类书籍的阅读-2018年版","url":"2018-08-16-how-to-read-a-book.html","level":1,"parentId":"284cb8f8_12374","tabIndex":1},"2017-02-21-How-to-Read-a-Book":{"id":"2017-02-21-How-to-Read-a-Book","title":"《如何阅读一本书》读书笔记：关于碎片化阅读与主题阅读 -2017年版","url":"2017-02-21-how-to-read-a-book.html","level":1,"parentId":"284cb8f8_12374","tabIndex":2},"2016-03-15-How-to-Read-a-Book":{"id":"2016-03-15-How-to-Read-a-Book","title":"《如何阅读一本书》读书笔记-2016年版","url":"2016-03-15-how-to-read-a-book.html","level":1,"parentId":"284cb8f8_12374","tabIndex":3},"tech":{"id":"tech","title":"tech","url":"tech.html","level":0,"pages":["284cb8f8_12380","2017-06-10-use-mailkit-with-mimekit-to-send-email","284cb8f8_12384","284cb8f8_12387","284cb8f8_12390","284cb8f8_12396","284cb8f8_12398"],"tabIndex":2},"284cb8f8_12380":{"id":"284cb8f8_12380","title":"wyam","level":1,"parentId":"tech","pages":["2020-03-10-wyam-static-content-generator-and-toolkit","2020-01-10-about-static-content-generator"],"tabIndex":0},"2020-03-10-wyam-static-content-generator-and-toolkit":{"id":"2020-03-10-wyam-static-content-generator-and-toolkit","title":"wyam:基于dotnet的静态内容生成器","url":"2020-03-10-wyam-static-content-generator-and-toolkit.html","level":2,"parentId":"284cb8f8_12380","tabIndex":0},"2020-01-10-about-static-content-generator":{"id":"2020-01-10-about-static-content-generator","title":"关于静态内容生成器和托管环境","url":"2020-01-10-about-static-content-generator.html","level":2,"parentId":"284cb8f8_12380","tabIndex":1},"2017-06-10-use-mailkit-with-mimekit-to-send-email":{"id":"2017-06-10-use-mailkit-with-mimekit-to-send-email","title":"使用mailkit 和mimekit来发送邮件","url":"2017-06-10-use-mailkit-with-mimekit-to-send-email.html","level":1,"parentId":"tech","tabIndex":1},"284cb8f8_12384":{"id":"284cb8f8_12384","title":"redis","level":1,"parentId":"tech","pages":["2019-08-06-redis-distributed-lock","2019-06-05-why-redis"],"tabIndex":2},"2019-08-06-redis-distributed-lock":{"id":"2019-08-06-redis-distributed-lock","title":"关于redis分布式锁入门","url":"2019-08-06-redis-distributed-lock.html","level":2,"parentId":"284cb8f8_12384","tabIndex":0},"2019-06-05-why-redis":{"id":"2019-06-05-why-redis","title":"redis十问","url":"2019-06-05-why-redis.html","level":2,"parentId":"284cb8f8_12384","tabIndex":1},"284cb8f8_12387":{"id":"284cb8f8_12387","title":"netcore","level":1,"parentId":"tech","pages":["2019-12-22-aspnetcore-middleware-and-pipeline","2019-12-21-netcore-start-process"],"tabIndex":3},"2019-12-22-aspnetcore-middleware-and-pipeline":{"id":"2019-12-22-aspnetcore-middleware-and-pipeline","title":"ASP.NET CORE 管道模型和中间件","url":"2019-12-22-aspnetcore-middleware-and-pipeline.html","level":2,"parentId":"284cb8f8_12387","tabIndex":0},"2019-12-21-netcore-start-process":{"id":"2019-12-21-netcore-start-process","title":"AspNetCore启动流程概述","url":"2019-12-21-netcore-start-process.html","level":2,"parentId":"284cb8f8_12387","tabIndex":1},"284cb8f8_12390":{"id":"284cb8f8_12390","title":"mysql","level":1,"parentId":"tech","pages":["2019-11-15-mysql-lock","2018-04-11-mysql-index-optimization","2017-01-11-mysql-explain-or-desc","2016-01-15-mysql-index","2016-01-13-about-index"],"tabIndex":4},"2019-11-15-mysql-lock":{"id":"2019-11-15-mysql-lock","title":"MySQL中select * for update锁表的范围","url":"2019-11-15-mysql-lock.html","level":2,"parentId":"284cb8f8_12390","tabIndex":0},"2018-04-11-mysql-index-optimization":{"id":"2018-04-11-mysql-index-optimization","title":"索引优化原则","url":"2018-04-11-mysql-index-optimization.html","level":2,"parentId":"284cb8f8_12390","tabIndex":1},"2017-01-11-mysql-explain-or-desc":{"id":"2017-01-11-mysql-explain-or-desc","title":"MySQL 执行计划","url":"2017-01-11-mysql-explain-or-desc.html","level":2,"parentId":"284cb8f8_12390","tabIndex":2},"2016-01-15-mysql-index":{"id":"2016-01-15-mysql-index","title":"MySQL索引原理","url":"2016-01-15-mysql-index.html","level":2,"parentId":"284cb8f8_12390","tabIndex":3},"2016-01-13-about-index":{"id":"2016-01-13-about-index","title":"索引原理","url":"2016-01-13-about-index.html","level":2,"parentId":"284cb8f8_12390","tabIndex":4},"284cb8f8_12396":{"id":"284cb8f8_12396","title":"csharp","level":1,"parentId":"tech","pages":["2020-04-13-string-class-sealed"],"tabIndex":5},"2020-04-13-string-class-sealed":{"id":"2020-04-13-string-class-sealed","title":"C#中是否可以继承String类?","url":"2020-04-13-string-class-sealed.html","level":2,"parentId":"284cb8f8_12396","tabIndex":0},"284cb8f8_12398":{"id":"284cb8f8_12398","title":"ci","level":1,"parentId":"tech","pages":["2017-08-11-gitlab-ci-powershell-bugs"],"tabIndex":6},"2017-08-11-gitlab-ci-powershell-bugs":{"id":"2017-08-11-gitlab-ci-powershell-bugs","title":"gitlab ci与Powershell 乱码","url":"2017-08-11-gitlab-ci-powershell-bugs.html","level":2,"parentId":"284cb8f8_12398","tabIndex":0},"Starter":{"id":"Starter","title":"Starter","url":"starter.html","level":0,"tabIndex":3},"blog-summary":{"id":"blog-summary","title":"Section Starting Page","url":"blog-summary.html","level":0,"tabIndex":4}}},"topLevelIds":["metrics-logging-tracing","284cb8f8_12374","tech","Starter","blog-summary"]}